id,total_hours_played,size,clustering,games_played,user_id,creationDate,years,isMultiplayer
54103616,0.3317229441703052,1,0.5714967203339296,21,54103616,"October 8th, 2009",7,1.0
102825821,0.1515746505799985,1,0.0,79,102825821,"May 6th, 2012",4,1.0
215160630,0.112382773141809,1,1.0,30,215160630,"January 23rd, 2015",1,1.0
131940023,0.3739762833595992,1,1.0,52,131940023,"May 22nd, 2013",3,1.0
107377573,0.2853359857390136,1,1.0,47,107377573,"July 20th, 2012",4,1.0
70970228,0.0333273051386054,1,1.0,5,70970228,"September 29th, 2010",6,0.0
158476996,0.0543054227917431,1,1.0,15,158476996,"December 20th, 2013",3,0.0
8542204,0.0366858707727284,1,1.0,35,8542204,"September 9th, 2004",12,1.0
43360645,0.6497920272818871,1,1.0,104,43360645,"December 5th, 2008",8,1.0
24011187,0.0616942671868137,1,1.0,22,24011187,"August 14th, 2006",10,1.0
11403772,0.7763195287674071,1,1.0,314,11403772,"December 10th, 2004",12,1.0
254814380,0.0035135763556979,1,0.881578947368421,5,254814380,"March 3rd, 2015",1,1.0
211925330,0.1095279923528044,1,0.9830235672830658,3,211925330,"January 4th, 2015",1,1.0
115396529,0.0483504275712403,1,1.0,4,115396529,"November 13th, 2012",4,1.0
65420540,0.0869868499237864,1,0.5810921902524956,19,65420540,"May 20th, 2010",6,1.0
76420334,0.1202366497016044,1,1.0,46,76420334,"January 11th, 2011",5,1.0
39082468,0.3108352494380862,1,1.0,32,39082468,"June 17th, 2008",8,0.0
48239695,0.0574702250238974,1,1.0,6,48239695,"April 1st, 2009",7,0.0
60217594,0.2645774666081071,1,1.0,31,60217594,"January 29th, 2010",6,1.0
87071236,0.4108429999741648,1,1.0,43,87071236,"August 21st, 2011",5,1.0
82020006,0.0252538300565789,1,1.0,17,82020006,"May 23rd, 2011",5,1.0
81585721,0.2239775751156121,1,1.0,67,81585721,"May 14th, 2011",5,1.0
64350600,0.041672048983388,1,1.0,13,64350600,"May 3rd, 2010",6,1.0
107886872,0.0038365153589789,1,1.0,2,107886872,"July 27th, 2012",4,1.0
42928788,0.0746893326788436,1,1.0,49,42928788,"November 23rd, 2008",8,1.0
86338111,0.2025344252977498,1,1.0,31,86338111,"August 9th, 2011",5,1.0
74232403,0.0085385072467512,1,1.0,2,74232403,"December 3rd, 2010",6,1.0
92914917,0.5791975611646467,1,1.0,108,92914917,"November 23rd, 2011",5,1.0
32498610,0.0882786059369106,1,1.0,10,32498610,"September 20th, 2007",9,1.0
49767455,0.4226367323739892,1,0.5810921902524956,23,49767455,"May 17th, 2009",7,1.0
61676491,0.303963107448265,1,1.0,89,61676491,"March 4th, 2010",6,1.0
157469247,0.018601286588989,1,1.0,13,157469247,"December 11th, 2013",3,0.0
122803519,0.0311184023561629,1,1.0,12,122803519,"February 2nd, 2013",3,1.0
49350285,0.1497920272818869,1,0.674074074074074,16,49350285,"May 3rd, 2009",7,1.0
31727716,0.3068437233575322,1,1.0,28,31727716,"August 18th, 2007",9,1.0
117129725,0.0005554550856434,1,1.0,1,117129725,"December 2nd, 2012",4,1.0
242242432,0.0506497532746014,1,1.0,11,242242432,"December 26th, 2014",2,1.0
106760673,0.060376676053427,1,1.0,30,106760673,"July 12th, 2012",4,0.0
142183287,0.0009817345699744,1,1.0,2,142183287,"August 12th, 2013",3,1.0
120725727,0.6843335830728293,1,1.0,6,120725727,"January 9th, 2013",3,1.0
151397156,0.0059291601002402,1,0.5588235294117647,2,151397156,"October 21st, 2013",3,1.0
62317148,0.002828945668742,1,1.0,1,62317148,"March 17th, 2010",6,1.0
138570935,0.0076342780375642,1,1.0,9,138570935,"July 19th, 2013",3,0.0
79411077,0.4547110341798642,1,1.0,22,79411077,"March 22nd, 2011",5,1.0
167106826,0.0022605730229674,1,0.9633449397139652,3,167106826,"February 22nd, 2014",2,1.0
83420834,0.0152556385149972,1,1.0,8,83420834,"June 22nd, 2011",5,1.0
87832209,0.0861730436355181,1,1.0,30,87832209,"September 4th, 2011",5,1.0
57798235,0.2885653757718242,1,1.0,15,57798235,"December 16th, 2009",7,1.0
159777976,0.0011884155320743,1,1.0,1,159777976,"December 26th, 2013",3,1.0
57433226,1.0,1,0.5810921902524956,17,57433226,"December 7th, 2009",7,1.0
174415183,0.0032939778334668,1,1.0,3,174415183,"April 26th, 2014",2,1.0
193156880,0.271875888082259,1,0.780695638701681,44,193156880,"September 6th, 2014",2,1.0
80164199,0.1319787118609037,1,1.0,9,80164199,"April 10th, 2011",5,1.0
131032344,0.0306146175110445,1,1.0,12,131032344,"May 12th, 2013",3,1.0
217709850,0.0006587955666933,1,1.0,4,217709850,"February 6th, 2015",1,1.0
26430231,0.1246286201462267,1,0.9574773053033924,35,26430231,"December 14th, 2006",10,1.0
28064589,0.0119358255612679,1,1.0,11,28064589,"February 22nd, 2007",9,1.0
234108053,0.0183171002661017,1,1.0,13,234108053,"April 30th, 2015",1,1.0
120116659,0.2740977084248328,1,1.0,5,120116659,"January 2nd, 2013",3,1.0
134967717,0.0932260314671765,1,1.0,16,134967717,"June 22nd, 2013",3,1.0
35729292,0.3470819231663524,1,1.0,30,35729292,"January 20th, 2008",8,1.0
35009482,0.087658563050611,1,1.0,17,35009482,"December 26th, 2007",9,1.0
194670621,0.1116335546541969,1,1.0,30,194670621,"September 17th, 2014",2,1.0
211544205,0.0496163484641021,1,1.0,17,211544205,"January 2nd, 2015",1,1.0
80386506,0.0002066809620998,1,1.0,1,80386506,"April 15th, 2011",5,1.0
182422786,0.023819980882011,1,1.0,4,182422786,"June 29th, 2014",2,1.0
31733654,0.2871573617175188,1,1.0,15,31733654,"August 18th, 2007",9,1.0
249232725,0.0623013925129821,1,1.0,16,249232725,"July 28th, 2015",1,1.0
121360145,0.3901103159635208,1,1.0,5,121360145,"January 17th, 2013",3,1.0
297279953,0.0124654455266489,1,1.0,2,297279953,"October 28th, 2015",1,1.0
112110682,0.1197586999767484,1,1.0,22,112110682,"September 26th, 2012",4,1.0
199693353,0.0408065724545947,1,1.0,46,199693353,"October 22nd, 2014",2,1.0
48845802,0.0531557599400625,1,1.0,11,48845802,"April 17th, 2009",7,1.0
48058475,0.1000852558968662,1,1.0,10,48058475,"March 27th, 2009",7,1.0
140954425,0.0016663652569302,1,1.0,1,140954425,"August 2nd, 2013",3,1.0
150128162,0.0054124576949905,1,1.0,1,150128162,"October 10th, 2013",3,1.0
126340495,0.3579197561164647,1,1.0,17,126340495,"March 18th, 2013",3,1.0
254906420,0.0001420931614436,1,1.0,1,254906420,"March 4th, 2015",1,1.0
99189757,0.1401426098638489,1,1.0,1,99189757,"February 27th, 2012",4,1.0
226212066,0.0176066344588834,1,1.0,10,226212066,"March 20th, 2015",1,1.0
236557903,0.0004004443640685,1,1.0,3,236557903,"May 16th, 2015",1,1.0
164543231,0.0273723099181026,1,1.0,11,164543231,"January 30th, 2014",2,1.0
295931968,0.0008396414085307,1,1.0,1,295931968,"October 20th, 2015",1,1.0
119410870,0.0005683726457746,1,1.0,1,119410870,"December 27th, 2012",4,1.0
124395695,0.003733174877929,1,1.0,1,124395695,"February 23rd, 2013",3,1.0
109278470,0.0098044281396129,1,1.0,3,109278470,"August 17th, 2012",4,1.0
92842632,0.0065362854264086,1,1.0,3,92842632,"November 21st, 2011",5,1.0
5270060,0.0020926447412612,1,1.0,5,5270060,"April 4th, 2004",12,1.0
171847029,0.1783140000516702,1,0.9176389842141386,21,171847029,"April 5th, 2014",2,1.0
148928721,0.3514868111711061,1,1.0,12,148928721,"September 30th, 2013",3,1.0
287943546,0.0002325160823623,1,1.0,1,287943546,"September 2nd, 2015",1,1.0
99609673,0.0001162580411811,1,1.0,1,99609673,"March 6th, 2012",4,1.0
84668956,0.0002971038830185,1,1.0,1,84668956,"July 7th, 2011",5,1.0
145904806,0.0001679282817061,1,1.0,1,145904806,"September 7th, 2013",3,1.0
164591420,0.000322939003281,1,1.0,1,164591420,"January 31st, 2014",2,1.0
155997063,0.000374609243806,1,1.0,1,155997063,"November 28th, 2013",3,1.0
169358223,0.0525615521740253,1,1.0,1,169358223,"March 13th, 2014",2,1.0
162543176,0.0071304931924458,1,0.7673637042569081,6,162543176,"January 14th, 2014",2,1.0
16167221,0.1313586689746041,1,1.0,25,16167221,"June 12th, 2005",11,1.0
153290864,9.04229209186969e-05,1,1.0,1,153290864,"November 5th, 2013",3,1.0
150751526,0.114410830082414,1,1.0,49,150751526,"October 15th, 2013",3,1.0
83851086,9.04229209186969e-05,1,1.0,1,83851086,"June 26th, 2011",5,1.0
130280718,0.0233291135970238,1,1.0,15,130280718,"May 5th, 2013",3,1.0
246892835,0.0003487741235435,1,1.0,3,246892835,"July 15th, 2015",1,1.0
136021775,0.0852946495465936,1,1.0,16,136021775,"July 2nd, 2013",3,1.0
211404615,3.875268039372725e-05,1,1.0,1,211404615,"January 1st, 2015",1,1.0
124777563,0.0002583512026248,1,1.0,1,124777563,"February 28th, 2013",3,1.0
143459727,0.0636189836463688,1,0.9830235672830658,7,143459727,"August 20th, 2013",3,1.0
57866383,7.750536078745447e-05,1,1.0,2,57866383,"December 17th, 2009",7,1.0
144347801,0.0681142945720412,1,1.0,12,144347801,"August 26th, 2013",3,1.0
209193781,0.0001291756013124,1,1.0,1,209193781,"December 23rd, 2014",2,1.0
83978676,0.0002971038830185,1,1.0,1,83978676,"June 28th, 2011",5,1.0
286701848,0.0059679127806339,1,1.0,5,286701848,"August 26th, 2015",1,1.0
85614332,0.0067042137081148,1,1.0,1,85614332,"July 24th, 2011",5,1.0
253006481,0.0101919549435502,1,1.0,1,253006481,"August 18th, 2015",1,1.0
183103599,0.041568708502338,1,1.0,3,183103599,"July 3rd, 2014",2,1.0
181321171,0.0033327305138605,1,1.0,2,181321171,"June 22nd, 2014",2,1.0
248255491,0.0093523135350195,1,1.0,2,248255491,"July 23rd, 2015",1,1.0
105796956,0.011354535355362,1,1.0,1,105796956,"June 27th, 2012",4,1.0
80119032,0.0414653680212881,1,1.0,3,80119032,"April 8th, 2011",5,1.0
176743370,0.0004908672849872,1,1.0,2,176743370,"May 17th, 2014",2,1.0
175033323,0.0701423515126463,1,0.6862579199505486,4,175033323,"May 2nd, 2014",2,1.0
176750719,2.5835120262484825e-05,1,1.0,1,176750719,"May 17th, 2014",2,1.0
86686260,0.0019117988994238,1,1.0,4,86686260,"August 15th, 2011",5,1.0
23883383,0.0402769524892138,1,1.0,5,23883383,"August 7th, 2006",10,1.0
236950689,0.0001291756013124,1,1.0,1,236950689,"May 19th, 2015",1,1.0
148976064,0.0001420931614436,1,1.0,1,148976064,"October 1st, 2013",3,1.0
127706455,0.0008267238483995,1,1.0,1,127706455,"April 2nd, 2013",3,1.0
4064412,0.1801482935903067,1,1.0,4,4064412,"February 6th, 2004",12,1.0
251928689,0.0010463223706306,1,1.0,1,251928689,"August 12th, 2015",1,1.0
234838943,0.004637404087116,1,1.0,1,234838943,"May 4th, 2015",1,1.0
81139130,0.0306146175110445,1,1.0,6,81139130,"May 2nd, 2011",5,1.0
262861632,0.1121631746195778,1,1.0,18,262861632,"April 11th, 2015",1,1.0
149291366,0.0031131319916294,1,1.0,3,149291366,"October 3rd, 2013",3,1.0
163137081,0.0060583357015526,1,1.0,1,163137081,"January 18th, 2014",2,1.0
193129684,0.0195830211589635,1,1.0,8,193129684,"September 6th, 2014",2,1.0
103620349,0.0009558994497119,1,1.0,2,103620349,"May 19th, 2012",4,1.0
83813208,0.000322939003281,1,1.0,1,83813208,"June 26th, 2011",5,1.0
130290346,6.458780065621206e-05,1,1.0,1,130290346,"May 4th, 2013",3,1.0
182399789,0.1874983853049836,1,1.0,52,182399789,"June 29th, 2014",2,1.0
178883999,0.0004521146045934,1,0.6862579199505486,2,178883999,"June 4th, 2014",2,1.0
89286594,0.0123362699253365,1,0.986206896551724,5,89286594,"September 25th, 2011",5,0.0
200175559,0.000271268762756,1,1.0,6,200175559,"October 25th, 2014",2,1.0
135177440,0.0350840933164543,1,1.0,4,135177440,"June 24th, 2013",3,1.0
109271976,5.167024052496966e-05,1,1.0,1,109271976,"August 17th, 2012",4,1.0
111456195,0.0082543209238639,1,1.0,1,111456195,"September 16th, 2012",4,1.0
271808456,0.0060583357015526,1,1.0,1,271808456,"June 5th, 2015",1,1.0
238773402,0.0063812747048337,1,1.0,5,238773402,"May 30th, 2015",1,1.0
83751255,0.0193634226367323,1,1.0,2,83751255,"June 26th, 2011",5,1.0
172086978,0.0001291756013124,1,1.0,1,172086978,"April 8th, 2014",2,1.0
96977722,0.0022993257033611,1,1.0,2,96977722,"January 17th, 2012",4,1.0
27417971,0.0572506265016663,1,1.0,2,27417971,"January 23rd, 2007",9,1.0
154281477,0.053982483788462,1,1.0,1,154281477,"November 13th, 2013",3,1.0
86915561,0.0022605730229674,1,1.0,1,86915561,"August 19th, 2011",5,1.0
160427210,0.3650631668690417,1,1.0,23,160427210,"December 29th, 2013",3,1.0
140672677,0.0,1,1.0,1,140672677,"July 31st, 2013",3,1.0
283498338,3.875268039372725e-05,1,1.0,1,283498338,"August 9th, 2015",1,1.0
279734186,3.875268039372725e-05,1,1.0,1,279734186,"July 19th, 2015",1,1.0
137508279,0.0513602190818198,1,1.0,13,137508279,"July 13th, 2013",3,1.0
90362252,0.0004391970444622,1,1.0,1,90362252,"October 16th, 2011",5,1.0
171932001,0.0182008422249205,1,1.0,1,171932001,"April 6th, 2014",2,1.0
146813551,6.458780065621206e-05,1,1.0,1,146813551,"September 13th, 2013",3,1.0
130324181,0.2024310848166998,1,0.780695638701681,23,130324181,"May 4th, 2013",3,1.0
30036927,0.3441883896969541,1,1.0,2,30036927,"June 5th, 2007",9,1.0
172666220,0.0596920453664711,1,1.0,14,172666220,"April 12th, 2014",2,1.0
106170243,0.028031105484796,1,1.0,15,106170243,"July 3rd, 2012",4,1.0
97017439,0.0134213449763608,1,1.0,1,97017439,"January 19th, 2012",4,1.0
126471719,0.1691812850388818,1,0.780695638701681,10,126471719,"March 19th, 2013",3,1.0
169061944,0.0022864081432299,1,1.0,1,169061944,"March 11th, 2014",2,1.0
146999982,0.0059291601002402,1,1.0,6,146999982,"September 15th, 2013",3,0.0
67628444,0.0024672539850673,1,1.0,5,67628444,"July 20th, 2010",6,0.0
287668512,0.0119874958017929,1,1.0,2,287668512,"August 31st, 2015",1,1.0
215833301,0.0321001369261374,1,1.0,2,215833301,"January 27th, 2015",1,1.0
204829406,0.0001550107215749,1,1.0,1,204829406,"November 26th, 2014",2,1.0
82174211,0.2135272689694371,1,1.0,22,82174211,"May 27th, 2011",5,1.0
85547059,0.0002841863228873,1,1.0,1,85547059,"July 23rd, 2011",5,1.0
181297952,0.0017826232981114,1,1.0,1,181297952,"June 22nd, 2014",2,1.0
202598205,0.0664866819955046,1,1.0,6,202598205,"November 11th, 2014",2,1.0
41089194,0.0005425375255121,1,1.0,1,41089194,"September 20th, 2008",8,1.0
289524714,0.0004908672849872,1,1.0,1,289524714,"September 11th, 2015",1,1.0
171452409,1.2917560131242414e-05,1,1.0,1,171452409,"April 1st, 2014",2,1.0
173051184,2.5835120262484825e-05,1,1.0,1,173051184,"April 15th, 2014",2,1.0
74811317,0.0001679282817061,1,1.0,1,74811317,"December 16th, 2010",6,1.0
103373255,0.0039915260805539,1,1.0,1,103373255,"May 15th, 2012",4,1.0
23492094,0.6906631875371378,1,1.0,45,23492094,"July 15th, 2006",10,1.0
196594918,0.0265972563102281,1,1.0,1,196594918,"October 1st, 2014",2,1.0
236434806,0.0106440695481437,1,1.0,11,236434806,"May 15th, 2015",1,1.0
111003429,0.0001937634019686,1,1.0,1,111003429,"September 10th, 2012",4,1.0
215518655,0.0019505515798176,1,1.0,2,215518655,"January 25th, 2015",1,1.0
195694153,0.0622497222724571,1,1.0,1,195694153,"September 24th, 2014",2,1.0
160922242,0.0162890433254966,1,1.0,9,160922242,"January 1st, 2014",2,1.0
175720527,0.0001033404810499,1,1.0,1,175720527,"May 8th, 2014",2,1.0
55143039,0.0098948510605316,1,1.0,5,55143039,"November 9th, 2009",7,1.0
127977081,0.0006846306869558,1,1.0,1,127977081,"April 5th, 2013",3,1.0
228908339,0.0714211899656393,1,1.0,7,228908339,"April 1st, 2015",1,1.0
98625085,0.0002841863228873,1,1.0,1,98625085,"February 17th, 2012",4,1.0
226734923,0.0006200428862996,1,1.0,1,226734923,"March 22nd, 2015",1,1.0
103805799,1.2917560131242414e-05,1,1.0,1,103805799,"May 23rd, 2012",4,1.0
202043465,0.0047665796884284,1,1.0,1,202043465,"November 8th, 2014",2,1.0
103171339,0.0005425375255121,1,1.0,1,103171339,"May 11th, 2012",4,1.0
227861587,5.167024052496966e-05,1,1.0,1,227861587,"March 27th, 2015",1,1.0
86779448,0.2381610561397164,1,1.0,4,86779448,"August 17th, 2011",5,1.0
174103314,0.0003487741235435,1,1.0,2,174103314,"April 24th, 2014",2,1.0
103012052,0.0001162580411811,1,1.0,1,103012052,"May 8th, 2012",4,1.0
152861732,0.1126023716640401,1,1.0,12,152861732,"November 2nd, 2013",3,1.0
113058136,0.0001162580411811,1,1.0,1,113058136,"October 11th, 2012",4,1.0
292936227,0.0010721574908931,1,1.0,1,292936227,"October 2nd, 2015",1,1.0
128240584,0.0033198129537292,1,0.9346998004716126,2,128240584,"April 9th, 2013",3,1.0
258834833,9.04229209186969e-05,1,1.0,1,258834833,"September 20th, 2015",1,1.0
263516648,0.0013563438137804,1,1.0,1,263516648,"April 14th, 2015",1,1.0
200933876,1.2917560131242414e-05,1,1.0,1,200933876,"October 31st, 2014",2,1.0
55906627,0.0637998294882062,1,1.0,1,55906627,"November 16th, 2009",7,1.0
295202708,3.875268039372725e-05,1,1.0,1,295202708,"October 16th, 2015",1,1.0
115959445,0.0039786085204226,1,1.0,5,115959445,"November 20th, 2012",4,1.0
225176638,0.0030872968713669,1,1.0,10,225176638,"March 15th, 2015",1,1.0
82418411,0.0021055623013925,1,1.0,5,82418411,"June 2nd, 2011",5,1.0
256452263,0.0032164724726793,1,0.5256226844209677,4,256452263,"September 6th, 2015",1,1.0
174585005,0.0029064510295295,1,1.0,4,174585005,"April 28th, 2014",2,1.0
202160372,0.0318934559640375,1,1.0,2,202160372,"November 8th, 2014",2,1.0
249570072,0.034321957268711,1,1.0,10,249570072,"February 4th, 2015",1,1.0
121255383,0.0017051179373239,1,1.0,3,121255383,"January 16th, 2013",3,1.0
154624403,0.0013434262536492,1,1.0,1,154624403,"November 16th, 2013",3,1.0
216674215,0.0037977626785852,1,1.0,7,216674215,"January 31st, 2015",1,1.0
119350525,0.000322939003281,1,1.0,1,119350525,"December 26th, 2012",4,1.0
118859786,0.0074921848761205,1,1.0,2,118859786,"December 23rd, 2012",4,1.0
102949215,0.002454336424936,1,1.0,1,102949215,"May 7th, 2012",4,1.0
131995566,0.0003100214431498,1,1.0,1,131995566,"May 24th, 2013",3,1.0
117036229,5.167024052496966e-05,1,1.0,1,117036229,"December 1st, 2012",4,1.0
216211930,0.1194357609734673,1,1.0,13,216211930,"January 29th, 2015",1,1.0
155838344,0.0001550107215749,1,1.0,1,155838344,"November 28th, 2013",3,1.0
280721592,7.750536078745447e-05,1,1.0,1,280721592,"July 25th, 2015",1,1.0
296139952,6.458780065621206e-05,1,1.0,1,296139952,"October 22nd, 2015",1,1.0
93578126,0.2129459787635312,1,1.0,2,93578126,"December 3rd, 2011",5,1.0
120141290,5.167024052496966e-05,1,1.0,1,120141290,"January 3rd, 2013",3,1.0
194071007,0.0004779497248559,1,1.0,2,194071007,"September 13th, 2014",2,1.0
121727972,0.0003875268039372,1,1.0,1,121727972,"January 21st, 2013",3,1.0
301110007,0.0010075696902369,1,1.0,1,301110007,"November 20th, 2015",1,1.0
112694811,0.019880125041982,1,1.0,1,112694811,"October 5th, 2012",4,1.0
121150146,0.0005942077660371,1,0.986206896551724,2,121150146,"January 14th, 2013",3,1.0
112784971,0.0003487741235435,1,1.0,2,112784971,"October 7th, 2012",4,1.0
309404240,0.0023639135040173,1,1.0,5,309404240,"December 19th, 2015",1,1.0
170329549,0.0003487741235435,1,1.0,3,170329549,"March 22nd, 2014",2,1.0
82212295,0.155708269821996,1,0.6862579199505486,5,82212295,"May 28th, 2011",5,1.0
144736928,0.011457875836412,1,1.0,2,144736928,"August 29th, 2013",3,1.0
141027992,9.04229209186969e-05,1,1.0,1,141027992,"August 3rd, 2013",3,1.0
105736077,0.0072467512336269,1,1.0,8,105736077,"June 26th, 2012",4,0.0
185914106,0.0073759268349394,1,1.0,14,185914106,"July 22nd, 2014",2,1.0
161140815,0.0104115534657813,1,1.0,5,161140815,"January 2nd, 2014",2,1.0
156742049,0.001550107215749,1,1.0,1,156742049,"December 4th, 2013",3,1.0
158495272,0.182137597850518,1,0.780695638701681,8,158495272,"December 20th, 2013",3,1.0
73094226,0.0012659208928617,1,1.0,2,73094226,"November 11th, 2010",6,1.0
105261470,0.0016792828170615,1,1.0,1,105261470,"June 17th, 2012",4,1.0
249607464,0.0011109101712868,1,0.6862579199505486,3,249607464,"February 5th, 2015",1,1.0
299950927,0.0005296199653809,1,1.0,1,299950927,"November 13th, 2015",1,1.0
165565786,0.00197638670008,1,1.0,2,165565786,"February 8th, 2014",2,1.0
119368216,0.0957837083731625,1,1.0,8,119368216,"December 27th, 2012",4,1.0
85045079,0.0023897486242798,1,1.0,1,85045079,"July 14th, 2011",5,1.0
196960100,0.0091585501330508,1,1.0,1,196960100,"August 29th, 2014",2,1.0
227863185,0.0028160281086108,1,1.0,2,227863185,"March 26th, 2015",1,1.0
218323237,0.0031518846720231,1,0.9931271885571844,3,218323237,"February 9th, 2015",1,1.0
214077903,0.0008783940889244,1,1.0,1,214077903,"January 17th, 2015",1,1.0
205546094,0.0009817345699744,1,1.0,1,205546094,"November 30th, 2014",2,1.0
243816387,0.0018084584183739,1,0.8408880666049954,3,243816387,"June 27th, 2015",1,1.0
129520075,0.0126204562482238,1,1.0,6,129520075,"April 26th, 2013",3,1.0
69946630,0.1461492753248766,1,1.0,6,69946630,"September 8th, 2010",6,1.0
226033921,0.0121295889632366,1,1.0,4,226033921,"March 19th, 2015",1,1.0
150882304,0.0984963960007234,1,1.0,10,150882304,"October 16th, 2013",3,0.0
187131847,0.0002841863228873,1,1.0,1,187131847,"July 29th, 2014",2,1.0
176410694,0.0011625804118118,1,1.0,1,176410694,"May 14th, 2014",2,1.0
197278511,5.167024052496966e-05,1,1.0,1,197278511,"October 6th, 2014",2,1.0
197455089,0.0004262794843309,1,1.0,1,197455089,"October 7th, 2014",2,1.0
302186258,0.0005296199653809,1,1.0,1,302186258,"November 26th, 2015",1,1.0
194895541,0.0001808458418373,1,1.0,2,194895541,"September 19th, 2014",2,1.0
170625356,0.0009429818895806,1,1.0,1,170625356,"March 25th, 2014",2,1.0
167362888,0.017425788617046,1,1.0,1,167362888,"February 24th, 2014",2,1.0
225987202,0.0004779497248559,1,1.0,1,225987202,"March 19th, 2015",1,1.0
195071563,0.0007879711680057,1,1.0,1,195071563,"September 20th, 2014",2,1.0
247160953,0.0002325160823623,1,1.0,1,247160953,"July 17th, 2015",1,1.0
144138643,0.0006587955666933,1,1.0,1,144138643,"August 25th, 2013",3,1.0
198572546,0.0016276125765365,1,1.0,1,198572546,"October 15th, 2014",2,1.0
219509107,0.0002583512026248,1,1.0,1,219509107,"February 16th, 2015",1,1.0
202906503,0.0013305086935179,1,1.0,1,202906503,"November 14th, 2014",2,1.0
251431515,0.0001033404810499,1,1.0,1,251431515,"August 9th, 2015",1,1.0
201069271,0.0006071253261683,1,1.0,1,201069271,"November 2nd, 2014",2,1.0
221430493,0.0006717131268246,1,1.0,1,221430493,"February 26th, 2015",1,1.0
227944885,0.007995969721239,1,1.0,1,227944885,"March 27th, 2015",1,1.0
144004384,0.002828945668742,1,1.0,1,144004384,"August 24th, 2013",3,1.0
140293612,0.0358978996047226,1,1.0,1,140293612,"July 29th, 2013",3,1.0
187851224,0.0309892267548505,1,1.0,1,187851224,"August 3rd, 2014",2,1.0
192921532,0.0010334048104993,1,1.0,2,192921532,"September 4th, 2014",2,1.0
222277839,0.0110961841527372,1,1.0,1,222277839,"March 1st, 2015",1,1.0
264253640,0.022011522463637,1,1.0,12,264253640,"April 18th, 2015",1,1.0
125718844,0.0001291756013124,1,1.0,1,125718844,"March 10th, 2013",3,1.0
230599183,0.0002841863228873,1,1.0,1,230599183,"April 10th, 2015",1,1.0
163617342,0.2265998398222544,1,0.780695638701681,9,163617342,"January 23rd, 2014",2,1.0
165034415,0.0004521146045934,1,1.0,1,165034415,"February 3rd, 2014",2,1.0
126640783,0.0012659208928617,1,1.0,1,126640783,"March 23rd, 2013",3,1.0
157694162,0.0002454336424936,1,1.0,1,157694162,"December 13th, 2013",3,1.0
126656629,0.0002971038830185,1,1.0,1,126656629,"March 22nd, 2013",3,1.0
197821092,0.0001808458418373,1,1.0,1,197821092,"October 10th, 2014",2,1.0
294797577,0.0012917560131242,1,1.0,1,294797577,"October 13th, 2015",1,1.0
228507886,0.0008267238483995,1,1.0,1,228507886,"March 30th, 2015",1,1.0
239397807,3.875268039372725e-05,1,1.0,1,239397807,"June 3rd, 2015",1,1.0
197509386,0.071033663161702,1,1.0,1,197509386,"October 9th, 2014",2,1.0
111479516,0.1117239775751156,1,1.0,1,111479516,"September 16th, 2012",4,1.0
180331040,0.1622316376882734,1,1.0,1,180331040,"June 15th, 2014",2,1.0
150103338,0.0002325160823623,1,1.0,1,150103338,"October 10th, 2013",3,1.0
250870371,2.5835120262484825e-05,1,1.0,1,250870371,"August 7th, 2015",1,1.0
175143479,0.0002325160823623,1,1.0,1,175143479,"May 3rd, 2014",2,1.0
124884511,0.1869429302193402,1,1.0,2,124884511,"March 1st, 2013",3,1.0
150965343,0.0006717131268246,1,1.0,1,150965343,"October 17th, 2013",3,1.0
133262375,0.0374480068204717,1,1.0,1,133262375,"June 5th, 2013",3,1.0
136554467,0.0211718810551063,1,0.780695638701681,2,136554467,"July 6th, 2013",3,1.0
136246724,1.2917560131242414e-05,1,1.0,1,136246724,"July 4th, 2013",3,1.0
57234698,0.000749218487612,1,1.0,5,57234698,"December 4th, 2009",7,1.0
2428602,0.0612679877024827,1,1.0,2,2428602,"November 12th, 2003",13,1.0
164927653,1.2917560131242414e-05,1,1.0,1,164927653,"February 2nd, 2014",2,1.0
215578265,0.0001420931614436,1,1.0,1,215578265,"January 26th, 2015",1,1.0
242349023,0.0072209161133645,1,1.0,1,242349023,"June 19th, 2015",1,1.0
183005527,0.0008138062882682,1,1.0,1,183005527,"July 3rd, 2014",2,1.0
171982044,0.0001937634019686,1,1.0,1,171982044,"April 6th, 2014",2,1.0
301883131,2.5835120262484825e-05,1,1.0,1,301883131,"November 24th, 2015",1,1.0
202395275,0.0005425375255121,1,1.0,1,202395275,"November 9th, 2014",2,1.0
289893544,0.0006071253261683,1,1.0,1,289893544,"September 13th, 2015",1,1.0
223471406,0.0003358565634123,1,1.0,1,223471406,"March 7th, 2015",1,1.0
210778610,0.0007233833673495,1,1.0,1,210778610,"December 29th, 2014",2,1.0
173857208,6.458780065621206e-05,1,1.0,1,173857208,"April 22nd, 2014",2,1.0
165269326,0.0033456480739917,1,1.0,1,165269326,"February 6th, 2014",2,1.0
232064401,0.0005683726457746,1,1.0,1,232064401,"April 18th, 2015",1,1.0
141593973,0.0546283617950241,1,1.0,1,141593973,"August 7th, 2013",3,1.0
174965596,0.0008396414085307,1,1.0,1,174965596,"May 1st, 2014",2,1.0
153415214,1.2917560131242414e-05,1,1.0,1,153415214,"November 6th, 2013",3,1.0
236541446,1.2917560131242414e-05,1,1.0,1,236541446,"May 16th, 2015",1,1.0
308280913,0.0002841863228873,1,1.0,1,308280913,"December 15th, 2015",1,1.0
200759485,0.000697548247087,1,1.0,2,200759485,"October 30th, 2014",2,1.0
219446813,0.0271139587154778,1,1.0,1,219446813,"February 15th, 2015",1,1.0
260269555,0.0004004443640685,1,1.0,1,260269555,"September 28th, 2015",1,1.0
186333740,0.0008396414085307,1,1.0,1,186333740,"July 25th, 2014",2,1.0
142004534,0.0121295889632366,1,1.0,1,142004534,"August 10th, 2013",3,1.0
30280104,0.0008654765287932,1,1.0,3,30280104,"June 13th, 2007",9,1.0
227153589,0.0001420931614436,1,1.0,1,227153589,"March 24th, 2015",1,1.0
178709401,0.0258222027023535,1,1.0,1,178709401,"June 3rd, 2014",2,1.0
198156213,0.0021830676621799,1,1.0,1,198156213,"October 13th, 2014",2,1.0
212284721,0.0001033404810499,1,1.0,1,212284721,"January 6th, 2015",1,1.0
201512283,3.875268039372725e-05,1,1.0,1,201512283,"November 4th, 2014",2,1.0
131227694,0.0231482677551864,1,1.0,12,131227694,"May 16th, 2013",3,1.0
241208825,0.0427442064742811,1,1.0,1,241208825,"June 14th, 2015",1,1.0
249165768,0.0898803833931847,1,1.0,7,249165768,"February 2nd, 2015",1,1.0
145658798,0.0002066809620998,1,1.0,1,145658798,"September 5th, 2013",3,1.0
210669058,0.0001679282817061,1,1.0,1,210669058,"December 29th, 2014",2,1.0
186996848,0.0003487741235435,1,1.0,1,186996848,"July 28th, 2014",2,1.0
287706524,0.0,1,1.0,1,287706524,"September 1st, 2015",1,1.0
144004666,0.0005812902059059,1,1.0,1,144004666,"August 24th, 2013",3,1.0
154210162,0.1007440514635595,1,1.0,1,154210162,"November 13th, 2013",3,1.0
146463817,0.0015630247758803,1,1.0,1,146463817,"September 11th, 2013",3,1.0
303693006,0.0008783940889244,1,1.0,1,303693006,"December 3rd, 2015",1,1.0
231450817,0.0012659208928617,1,1.0,1,231450817,"April 14th, 2015",1,1.0
229467150,0.0030872968713669,1,1.0,1,229467150,"April 4th, 2015",1,1.0
288856904,0.0002195985222311,1,1.0,1,288856904,"September 7th, 2015",1,1.0
143693450,0.0003616916836747,1,1.0,1,143693450,"August 22nd, 2013",3,1.0
139955299,0.0117420621592993,1,1.0,1,139955299,"July 27th, 2013",3,1.0
155182551,0.546141524788798,1,1.0,1,155182551,"November 21st, 2013",3,1.0
169218314,0.0078667941199266,1,1.0,1,169218314,"March 13th, 2014",2,1.0
252016836,0.0034748236753042,1,1.0,1,252016836,"February 17th, 2015",1,1.0
217268143,0.0008396414085307,1,1.0,1,217268143,"February 3rd, 2015",1,1.0
139352395,0.0016922003771927,1,1.0,1,139352395,"July 23rd, 2013",3,1.0
209729995,0.0001420931614436,1,1.0,1,209729995,"December 25th, 2014",2,1.0
212521878,7.750536078745447e-05,1,1.0,1,212521878,"January 8th, 2015",1,1.0
166705920,0.0900224765546283,1,1.0,1,166705920,"February 18th, 2014",2,1.0
246056879,0.0004262794843309,1,1.0,1,246056879,"July 10th, 2015",1,1.0
154406815,0.0011367452915493,1,1.0,1,154406815,"November 15th, 2013",3,1.0
141037251,0.0004133619241997,1,1.0,1,141037251,"August 3rd, 2013",3,1.0
298979438,0.0094169013356757,1,1.0,1,298979438,"November 7th, 2015",1,1.0
149318464,0.0085126721264887,1,1.0,1,149318464,"October 3rd, 2013",3,1.0
174813416,0.0,1,1.0,1,174813416,"April 30th, 2014",2,1.0
298519243,3.875268039372725e-05,1,1.0,1,298519243,"November 4th, 2015",1,1.0
157397663,0.0001033404810499,1,1.0,1,157397663,"December 9th, 2013",3,1.0
234024191,0.0319838788849562,1,1.0,13,234024191,"April 29th, 2015",1,1.0
115003799,7.750536078745447e-05,1,1.0,1,115003799,"November 8th, 2012",4,1.0
112590296,0.000322939003281,1,1.0,1,112590296,"October 3rd, 2012",4,1.0
158267574,0.0007363009274808,1,1.0,1,158267574,"December 18th, 2013",3,1.0
307239317,7.750536078745447e-05,1,1.0,1,307239317,"December 12th, 2015",1,1.0
56256991,0.1173301986720748,1,1.0,5,56256991,"November 20th, 2009",7,1.0
305808638,0.0104503061461751,1,1.0,1,305808638,"December 8th, 2015",1,1.0
300645203,0.0003616916836747,1,1.0,1,300645203,"November 13th, 2015",1,1.0
194791978,0.0010979926111556,1,1.0,1,194791978,"September 19th, 2014",2,1.0
202949952,0.00207972718113,1,1.0,1,202949952,"November 14th, 2014",2,1.0
72576293,0.0043790528844911,1,1.0,1,72576293,"November 4th, 2010",6,1.0
179686274,0.0005425375255121,1,1.0,1,179686274,"June 10th, 2014",2,1.0
253983004,0.0001679282817061,1,1.0,1,253983004,"February 28th, 2015",1,1.0
124451578,0.0013434262536492,1,1.0,1,124451578,"February 23rd, 2013",3,1.0
111316830,0.1927170795980055,1,1.0,17,111316830,"September 14th, 2012",4,1.0
185283602,9.04229209186969e-05,1,1.0,1,185283602,"July 19th, 2014",2,1.0
135599605,5.167024052496966e-05,1,1.0,1,135599605,"June 28th, 2013",3,1.0
147563118,0.1135324359934895,1,1.0,1,147563118,"September 20th, 2013",3,1.0
138847348,0.0001808458418373,1,1.0,1,138847348,"July 21st, 2013",3,1.0
168041218,0.0275273206396775,1,1.0,2,168041218,"March 1st, 2014",2,1.0
155881626,0.1155992456144883,1,1.0,2,155881626,"November 28th, 2013",3,1.0
201176964,0.0002325160823623,1,1.0,1,201176964,"November 2nd, 2014",2,1.0
179481154,0.0310279794352442,1,1.0,4,179481154,"June 8th, 2014",2,1.0
255957600,0.0015888598961428,1,1.0,1,255957600,"March 8th, 2015",1,1.0
182579698,0.0061875113028651,1,1.0,1,182579698,"June 30th, 2014",2,1.0
215008934,0.0010075696902369,1,1.0,1,215008934,"January 22nd, 2015",1,1.0
221952355,0.0030614617511044,1,1.0,2,221952355,"February 28th, 2015",1,1.0
146809006,0.0500167928281706,1,1.0,3,146809006,"September 14th, 2013",3,1.0
240524467,0.0237553930813547,1,1.0,1,240524467,"June 11th, 2015",1,1.0
181064527,0.0009817345699744,1,1.0,1,181064527,"June 21st, 2014",2,1.0
172348107,0.0002325160823623,1,1.0,1,172348107,"April 10th, 2014",2,1.0
165216297,0.0004521146045934,1,1.0,1,165216297,"February 5th, 2014",2,1.0
134590374,0.0223344614669181,1,1.0,1,134590374,"June 17th, 2013",3,1.0
203238341,0.0002195985222311,1,1.0,1,203238341,"November 15th, 2014",2,1.0
248518501,0.0086418477278011,1,1.0,1,248518501,"July 25th, 2015",1,1.0
308692673,0.0003616916836747,1,1.0,1,308692673,"December 19th, 2015",1,1.0
186055359,0.0001291756013124,1,1.0,1,186055359,"July 23rd, 2014",2,1.0
170375966,0.0051541064923657,1,1.0,1,170375966,"March 24th, 2014",2,1.0
130950166,0.0,1,1.0,1,130950166,"May 13th, 2013",3,1.0
194545521,0.0037719275583227,1,1.0,2,194545521,"September 16th, 2014",2,1.0
252696188,0.0006200428862996,1,1.0,1,252696188,"February 22nd, 2015",1,1.0
303269114,0.0086418477278011,1,1.0,1,303269114,"November 30th, 2015",1,1.0
238411403,5.167024052496966e-05,1,1.0,1,238411403,"May 28th, 2015",1,1.0
223991842,0.0001550107215749,1,1.0,1,223991842,"March 9th, 2015",1,1.0
171512034,0.007091740512052,1,1.0,1,171512034,"April 3rd, 2014",2,1.0
267438860,6.458780065621206e-05,1,1.0,1,267438860,"May 9th, 2015",1,1.0
110928152,0.001175497971943,1,1.0,1,110928152,"September 8th, 2012",4,1.0
128831281,0.1866458263363216,1,1.0,1,128831281,"April 16th, 2013",3,1.0
187498422,0.0008654765287932,1,1.0,1,187498422,"August 1st, 2014",2,1.0
138929901,0.0002454336424936,1,1.0,1,138929901,"July 21st, 2013",3,1.0
170760116,3.875268039372725e-05,1,1.0,1,170760116,"March 26th, 2014",2,1.0
187678142,0.2321156379982949,1,1.0,1,187678142,"August 2nd, 2014",2,1.0
175945017,0.0002066809620998,1,1.0,1,175945017,"May 9th, 2014",2,1.0
232207754,0.0498746996667269,1,1.0,2,232207754,"April 18th, 2015",1,1.0
235194002,0.000322939003281,1,1.0,1,235194002,"May 8th, 2015",1,1.0
141677474,0.0039915260805539,1,1.0,1,141677474,"August 8th, 2013",3,1.0
161816929,0.0004521146045934,1,1.0,1,161816929,"January 8th, 2014",2,1.0
304848876,0.0054124576949905,1,1.0,1,304848876,"December 7th, 2015",1,1.0
169414467,9.04229209186969e-05,1,1.0,1,169414467,"March 14th, 2014",2,1.0
113045977,0.0001291756013124,1,1.0,1,113045977,"October 12th, 2012",4,1.0
197090954,0.0082543209238639,1,1.0,1,197090954,"October 4th, 2014",2,1.0
126158311,0.0094169013356757,1,1.0,1,126158311,"March 16th, 2013",3,1.0
157414627,0.0018084584183739,1,1.0,1,157414627,"December 10th, 2013",3,1.0
282307340,0.0038623504792414,1,1.0,1,282307340,"August 2nd, 2015",1,1.0
264929688,0.0005812902059059,1,1.0,1,264929688,"April 22nd, 2015",1,1.0
230633575,0.0444234892913426,1,1.0,4,230633575,"April 10th, 2015",1,1.0
183382406,0.0615780091456325,1,1.0,5,183382406,"July 6th, 2014",2,1.0
191480137,0.0056578913374841,1,0.9931271885571844,2,191480137,"August 26th, 2014",2,1.0
227777777,0.0081122277624202,1,1.0,3,227777777,"March 26th, 2015",1,1.0
145844862,0.0005037848451184,1,1.0,1,145844862,"September 6th, 2013",3,1.0
205634951,0.0004004443640685,1,1.0,1,205634951,"December 1st, 2014",2,1.0
172318605,0.0005942077660371,1,1.0,1,172318605,"April 10th, 2014",2,1.0
180955576,0.0001162580411811,1,1.0,1,180955576,"June 19th, 2014",2,1.0
286095646,0.000322939003281,1,1.0,1,286095646,"August 23rd, 2015",1,1.0
156312176,0.0002066809620998,1,1.0,1,156312176,"December 1st, 2013",3,1.0
167017825,0.1043351331800449,1,1.0,8,167017825,"February 20th, 2014",2,1.0
213406926,0.0001550107215749,1,1.0,1,213406926,"January 13th, 2015",1,1.0
259791209,0.002828945668742,1,1.0,1,259791209,"September 26th, 2015",1,1.0
78799565,0.6700080088872814,1,0.8789518536526708,8,78799565,"March 7th, 2011",5,1.0
309824202,7.750536078745447e-05,1,1.0,1,309824202,"December 21st, 2015",1,1.0
138412880,0.0005683726457746,1,1.0,1,138412880,"July 19th, 2013",3,1.0
228170321,0.0002971038830185,1,1.0,1,228170321,"March 28th, 2015",1,1.0
183300822,3.875268039372725e-05,1,1.0,1,183300822,"July 5th, 2014",2,1.0
242896221,0.000374609243806,1,1.0,1,242896221,"June 22nd, 2015",1,1.0
170473291,0.0096752525383005,1,1.0,1,170473291,"March 24th, 2014",2,1.0
162999869,0.0050249308910532,1,1.0,1,162999869,"January 18th, 2014",2,1.0
298913000,0.0001162580411811,1,1.0,1,298913000,"November 7th, 2015",1,1.0
170527593,6.458780065621206e-05,1,1.0,1,170527593,"March 24th, 2014",2,1.0
178893007,0.00197638670008,1,1.0,1,178893007,"June 4th, 2014",2,1.0
135540095,0.0009300643294494,1,1.0,1,135540095,"June 27th, 2013",3,1.0
201743677,5.167024052496966e-05,1,1.0,1,201743677,"November 6th, 2014",2,1.0
123245831,0.0018601286588989,1,1.0,1,123245831,"February 9th, 2013",3,1.0
237468202,7.750536078745447e-05,1,1.0,1,237468202,"May 23rd, 2015",1,1.0
273544140,0.0001162580411811,1,1.0,1,273544140,"June 14th, 2015",1,1.0
244878837,0.0005037848451184,1,1.0,1,244878837,"July 3rd, 2015",1,1.0
294281624,0.000374609243806,1,1.0,1,294281624,"October 10th, 2015",1,1.0
229095219,0.0002066809620998,1,1.0,1,229095219,"April 2nd, 2015",1,1.0
266888336,0.0009817345699744,1,1.0,1,266888336,"May 4th, 2015",1,1.0
153164320,0.0012400857725992,1,1.0,1,153164320,"November 4th, 2013",3,1.0
259330363,3.875268039372725e-05,1,1.0,1,259330363,"September 23rd, 2015",1,1.0
149122593,0.0005167024052496,1,1.0,1,149122593,"October 2nd, 2013",3,1.0
286545176,0.011354535355362,1,1.0,1,286545176,"August 26th, 2015",1,1.0
255467165,0.0107086573487999,1,1.0,1,255467165,"August 30th, 2015",1,1.0
143734410,0.0002454336424936,1,1.0,1,143734410,"August 22nd, 2013",3,1.0
131730206,0.0001291756013124,1,1.0,1,131730206,"May 21st, 2013",3,1.0
118894547,0.2314568424316015,1,1.0,3,118894547,"December 23rd, 2012",4,1.0
283975164,0.0086418477278011,1,1.0,1,283975164,"August 12th, 2015",1,1.0
202340310,0.0005812902059059,1,1.0,1,202340310,"November 10th, 2014",2,1.0
144737312,0.050623918154339,1,1.0,1,144737312,"August 29th, 2013",3,1.0
171874166,0.0001033404810499,1,1.0,1,171874166,"April 6th, 2014",2,1.0
178915960,9.04229209186969e-05,1,1.0,1,178915960,"June 4th, 2014",2,1.0
140065934,0.046361123311029,1,1.0,1,140065934,"July 27th, 2013",3,1.0
192277804,0.0006458780065621,1,0.8710926780268315,2,192277804,"August 31st, 2014",2,1.0
214736709,0.000322939003281,1,1.0,1,214736709,"January 21st, 2015",1,1.0
101487265,0.3482186684579018,1,1.0,3,101487265,"April 10th, 2012",4,1.0
156458299,9.04229209186969e-05,1,1.0,1,156458299,"December 1st, 2013",3,1.0
139854220,0.0286640659312269,1,1.0,1,139854220,"July 26th, 2013",3,1.0
163861892,0.0529490789779626,1,1.0,1,163861892,"January 25th, 2014",2,1.0
187374370,2.5835120262484825e-05,1,1.0,1,187374370,"July 31st, 2014",2,1.0
180743752,0.0007621360477433,1,1.0,2,180743752,"June 18th, 2014",2,1.0
188241866,1.2917560131242414e-05,1,1.0,1,188241866,"August 5th, 2014",2,1.0
277003854,2.5835120262484825e-05,1,1.0,1,277003854,"July 3rd, 2015",1,1.0
212310741,9.04229209186969e-05,1,1.0,1,212310741,"January 7th, 2015",1,1.0
299364834,1.2917560131242414e-05,1,1.0,1,299364834,"November 9th, 2015",1,1.0
192264666,0.0520448497687756,1,1.0,1,192264666,"August 31st, 2014",2,1.0
178007464,0.001550107215749,1,1.0,1,178007464,"May 28th, 2014",2,1.0
128478373,0.0003616916836747,1,1.0,1,128478373,"April 12th, 2013",3,1.0
139396034,0.0013821789340429,1,1.0,1,139396034,"July 24th, 2013",3,1.0
300089223,0.0083834965251763,1,1.0,1,300089223,"November 14th, 2015",1,1.0
136913396,0.0223990492675743,1,1.0,2,136913396,"July 9th, 2013",3,1.0
141566602,0.0045082284858036,1,1.0,1,141566602,"August 7th, 2013",3,1.0
291846968,0.0003100214431498,1,1.0,2,291846968,"September 25th, 2015",1,1.0
242469861,0.0,1,1.0,1,242469861,"June 20th, 2015",1,1.0
234559223,9.04229209186969e-05,1,1.0,1,234559223,"May 3rd, 2015",1,1.0
113423671,0.4104167204898339,1,1.0,4,113423671,"October 18th, 2012",4,1.0
181840406,0.0030872968713669,1,1.0,1,181840406,"June 26th, 2014",2,1.0
191507469,0.0002066809620998,1,1.0,1,191507469,"August 26th, 2014",2,1.0
138656604,0.226044384736611,1,1.0,1,138656604,"July 20th, 2013",3,1.0
246303844,0.0006329604464308,1,1.0,1,246303844,"January 18th, 2015",1,1.0
203745259,0.0087710233291135,1,1.0,1,203745259,"November 19th, 2014",2,1.0
163662283,0.0021055623013925,1,1.0,1,163662283,"January 23rd, 2014",2,1.0
144565105,0.0010850750510243,1,1.0,1,144565105,"August 28th, 2013",3,1.0
295708462,0.0008267238483995,1,1.0,1,295708462,"October 18th, 2015",1,1.0
304497842,0.0001937634019686,1,1.0,1,304497842,"December 5th, 2015",1,1.0
168925642,0.0002583512026248,1,1.0,1,168925642,"March 10th, 2014",2,1.0
153026960,0.0023509959438861,1,1.0,1,153026960,"November 3rd, 2013",3,1.0
218680215,0.0981605394373111,1,1.0,7,218680215,"February 11th, 2015",1,1.0
285380840,0.0042498772831787,1,1.0,1,285380840,"August 20th, 2015",1,1.0
141693292,0.0003487741235435,1,1.0,1,141693292,"August 8th, 2013",3,1.0
161444156,0.3735500038752681,1,1.0,3,161444156,"January 4th, 2014",2,1.0
148860618,0.0018988813392926,1,1.0,1,148860618,"September 30th, 2013",3,1.0
200491490,0.0940269201953135,1,1.0,1,200491490,"October 29th, 2014",2,1.0
167360036,0.1069573978866871,1,1.0,2,167360036,"February 23rd, 2014",2,1.0
208491021,0.0767432247397111,1,0.780695638701681,4,208491021,"December 20th, 2014",2,1.0
299776839,0.0011496628516805,1,1.0,1,299776839,"November 12th, 2015",1,1.0
299489226,0.0001291756013124,1,1.0,1,299489226,"November 10th, 2015",1,1.0
149053502,0.0001679282817061,1,1.0,1,149053502,"October 1st, 2013",3,1.0
204495708,0.0014209316144366,1,1.0,1,204495708,"November 24th, 2014",2,1.0
180534642,0.0001679282817061,1,1.0,1,180534642,"June 16th, 2014",2,1.0
237554603,0.0001291756013124,1,1.0,1,237554603,"May 23rd, 2015",1,1.0
196862501,0.0851138037047562,1,1.0,1,196862501,"October 4th, 2014",2,1.0
207270682,0.157839667243651,1,1.0,1,207270682,"December 11th, 2014",2,1.0
221083006,0.0001550107215749,1,1.0,1,221083006,"February 23rd, 2015",1,1.0
206696458,1.2917560131242414e-05,1,1.0,1,206696458,"December 6th, 2014",2,1.0
169277417,0.0338827602242488,1,1.0,3,169277417,"March 13th, 2014",2,1.0
309038666,0.0002841863228873,1,1.0,1,309038666,"December 20th, 2015",1,1.0
186597710,0.0002325160823623,1,1.0,1,186597710,"July 26th, 2014",2,1.0
152082114,0.0003487741235435,1,1.0,1,152082114,"October 26th, 2013",3,1.0
164699741,0.001175497971943,1,1.0,1,164699741,"February 1st, 2014",2,1.0
179001580,0.1606944480326556,1,1.0,2,179001580,"June 5th, 2014",2,1.0
136778642,0.0351228459968481,1,1.0,1,136778642,"July 8th, 2013",3,1.0
186305384,0.0118454026403492,1,1.0,2,186305384,"July 24th, 2014",2,1.0
181118785,0.0103211305448626,1,1.0,1,181118785,"June 21st, 2014",2,1.0
225245513,0.000271268762756,1,1.0,1,225245513,"March 15th, 2015",1,1.0
160550083,5.167024052496966e-05,1,1.0,1,160550083,"December 29th, 2013",3,1.0
104032602,0.0114449582762807,1,1.0,5,104032602,"May 27th, 2012",4,1.0
179014686,7.750536078745447e-05,1,1.0,1,179014686,"June 5th, 2014",2,1.0
186139058,0.0011367452915493,1,1.0,1,186139058,"July 23rd, 2014",2,1.0
178290786,0.0010334048104993,1,1.0,1,178290786,"May 31st, 2014",2,1.0
163043651,2.5835120262484825e-05,1,1.0,1,163043651,"January 18th, 2014",2,1.0
166747492,0.000322939003281,1,1.0,1,166747492,"February 18th, 2014",2,1.0
108183518,0.0324101583692872,1,1.0,1,108183518,"August 1st, 2012",4,1.0
206210282,0.107112408608262,1,1.0,3,206210282,"December 4th, 2014",2,1.0
193442134,0.002402666184411,1,1.0,1,193442134,"September 9th, 2014",2,1.0
286468828,0.0002454336424936,1,1.0,1,286468828,"August 25th, 2015",1,1.0
288449536,0.0003875268039372,1,1.0,1,288449536,"September 5th, 2015",1,1.0
138483324,0.0030872968713669,1,1.0,1,138483324,"July 19th, 2013",3,1.0
139769742,1.2917560131242414e-05,1,1.0,1,139769742,"July 26th, 2013",3,1.0
260132853,0.0004391970444622,1,1.0,1,260132853,"September 27th, 2015",1,1.0
154527422,0.0002066809620998,1,1.0,1,154527422,"November 16th, 2013",3,1.0
190961031,6.458780065621206e-05,1,1.0,1,190961031,"August 22nd, 2014",2,1.0
170384573,0.0001937634019686,1,1.0,1,170384573,"March 23rd, 2014",2,1.0
162179898,7.750536078745447e-05,1,1.0,1,162179898,"January 11th, 2014",2,1.0
238466173,0.001175497971943,1,1.0,1,238466173,"May 28th, 2015",1,1.0
303300985,0.0072209161133645,1,1.0,1,303300985,"December 1st, 2015",1,1.0
207406826,0.0005554550856434,1,1.0,1,207406826,"December 13th, 2014",2,1.0
260686668,9.04229209186969e-05,1,1.0,1,260686668,"March 31st, 2015",1,1.0
218952383,0.0002583512026248,1,1.0,1,218952383,"February 12th, 2015",1,1.0
115275499,0.0010204872503681,1,1.0,1,115275499,"November 11th, 2012",4,1.0
216189719,3.875268039372725e-05,1,1.0,1,216189719,"January 29th, 2015",1,1.0
222319850,0.0001679282817061,1,1.0,1,222319850,"March 2nd, 2015",1,1.0
217368291,0.0556617666055235,1,1.0,1,217368291,"February 4th, 2015",1,1.0
193494703,0.0017180354974552,1,1.0,1,193494703,"September 9th, 2014",2,1.0
215508170,0.0322809827679747,1,1.0,1,215508170,"January 25th, 2015",1,1.0
172437595,9.04229209186969e-05,1,1.0,1,172437595,"April 10th, 2014",2,1.0
175270022,0.0001808458418373,1,1.0,1,175270022,"May 4th, 2014",2,1.0
126074325,0.2615676750975276,1,1.0,1,126074325,"March 15th, 2013",3,1.0
239235805,0.000271268762756,1,1.0,1,239235805,"June 3rd, 2015",1,1.0
189451813,0.0583744542330844,1,1.0,1,189451813,"August 13th, 2014",2,1.0
236596014,0.002932286149792,1,0.0,6,236596014,"May 16th, 2015",1,0.0
200750585,0.1857415971271346,1,1.0,2,200750585,"October 30th, 2014",2,1.0
242094123,0.0009429818895806,1,1.0,1,242094123,"June 18th, 2015",1,1.0
152302676,2.5835120262484825e-05,1,1.0,1,152302676,"October 28th, 2013",3,1.0
206807160,0.0012788384529929,1,1.0,1,206807160,"December 7th, 2014",2,1.0
241348923,6.458780065621206e-05,1,1.0,1,241348923,"June 14th, 2015",1,1.0
228706143,0.0011496628516805,1,1.0,1,228706143,"March 31st, 2015",1,1.0
296917506,0.0059291601002402,1,1.0,1,296917506,"October 26th, 2015",1,1.0
221695617,0.0544991861937117,1,1.0,2,221695617,"February 27th, 2015",1,1.0
86978692,0.0043790528844911,1,1.0,1,86978692,"August 19th, 2011",5,1.0
181373107,0.0006329604464308,1,1.0,1,181373107,"June 22nd, 2014",2,1.0
222035871,0.032668509571912,1,1.0,1,222035871,"February 28th, 2015",1,1.0
156859477,0.0112253597540496,1,1.0,1,156859477,"December 5th, 2013",3,1.0
273817824,0.0057612318185341,1,1.0,2,273817824,"June 16th, 2015",1,1.0
200560312,0.0001291756013124,1,1.0,1,200560312,"October 29th, 2014",2,1.0
200345112,0.0002325160823623,1,1.0,1,200345112,"October 27th, 2014",2,1.0
274410276,0.0309892267548505,1,1.0,1,274410276,"June 19th, 2015",1,1.0
194842424,0.2300617459374273,1,1.0,2,194842424,"September 19th, 2014",2,1.0
239611310,0.0337019143824114,1,1.0,1,239611310,"June 5th, 2015",1,1.0
281216836,0.0076084429173017,1,1.0,1,281216836,"July 28th, 2015",1,1.0
245350724,0.044552664892655,1,1.0,1,245350724,"January 12th, 2015",1,1.0
216931933,0.0129046425711111,1,1.0,1,216931933,"February 2nd, 2015",1,1.0
250378500,6.458780065621206e-05,1,1.0,1,250378500,"February 9th, 2015",1,1.0
199047757,0.0047665796884284,1,1.0,1,199047757,"October 19th, 2014",2,1.0
198825628,0.1003694422197535,1,1.0,2,198825628,"October 17th, 2014",2,1.0
144276946,0.0001162580411811,1,1.0,1,144276946,"August 26th, 2013",3,1.0
193471217,0.0003616916836747,1,1.0,1,193471217,"September 9th, 2014",2,1.0
163961414,0.0002454336424936,1,1.0,1,163961414,"January 27th, 2014",2,1.0
186885794,0.0018213759785051,1,1.0,1,186885794,"July 28th, 2014",2,1.0
147251779,1.2917560131242414e-05,1,1.0,1,147251779,"September 17th, 2013",3,1.0
286445618,0.0004004443640685,1,1.0,1,286445618,"August 25th, 2015",1,1.0
120639809,0.0175549642183584,1,1.0,1,120639809,"January 8th, 2013",3,1.0
205532682,3.875268039372725e-05,1,1.0,1,205532682,"November 30th, 2014",2,1.0
196894502,1.2917560131242414e-05,1,1.0,1,196894502,"October 4th, 2014",2,1.0
165020079,0.0012013330922055,1,1.0,1,165020079,"February 3rd, 2014",2,1.0
202600291,0.0009946521301056,1,1.0,1,202600291,"November 12th, 2014",2,1.0
202585832,9.04229209186969e-05,1,1.0,1,202585832,"November 11th, 2014",2,1.0
237388314,0.0249179734931666,1,1.0,1,237388314,"May 21st, 2015",1,1.0
82792464,1.2917560131242414e-05,1,1.0,1,82792464,"June 9th, 2011",5,1.0
138242360,0.0196217738393572,1,1.0,1,138242360,"July 18th, 2013",3,1.0
214276866,0.0023509959438861,1,1.0,1,214276866,"January 18th, 2015",1,1.0
206597662,0.0002195985222311,1,1.0,1,206597662,"December 6th, 2014",2,1.0
170176187,3.875268039372725e-05,1,1.0,1,170176187,"March 22nd, 2014",2,1.0
199134746,0.0006200428862996,1,1.0,1,199134746,"October 18th, 2014",2,1.0
72958745,0.1327796005890407,1,1.0,6,72958745,"November 10th, 2010",6,1.0
171918937,0.0001679282817061,1,1.0,1,171918937,"April 6th, 2014",2,1.0
298478157,0.0004650321647247,1,1.0,1,298478157,"November 4th, 2015",1,1.0
303090541,0.0001162580411811,1,1.0,1,303090541,"November 28th, 2015",1,1.0
293002110,0.0002066809620998,1,1.0,1,293002110,"October 2nd, 2015",1,1.0
197765864,0.0005683726457746,1,1.0,1,197765864,"October 9th, 2014",2,1.0
165523661,0.0006717131268246,1,1.0,1,165523661,"February 8th, 2014",2,1.0
237298602,0.0019893042602113,1,1.0,1,237298602,"May 20th, 2015",1,1.0
272181160,0.0030227090707107,1,0.7584313725490196,6,272181160,"June 7th, 2015",1,1.0
186450119,0.0003616916836747,1,1.0,1,186450119,"July 25th, 2014",2,1.0
233648242,0.0001291756013124,1,1.0,1,233648242,"April 27th, 2015",1,1.0
156156544,0.0006717131268246,1,1.0,1,156156544,"November 30th, 2013",3,1.0
182621430,2.5835120262484825e-05,1,1.0,1,182621430,"June 30th, 2014",2,1.0
253622624,0.0001937634019686,1,1.0,1,253622624,"February 26th, 2015",1,1.0
102838001,0.0036039992766166,1,1.0,1,102838001,"May 6th, 2012",4,1.0
141246626,0.0002195985222311,1,1.0,1,141246626,"August 5th, 2013",3,1.0
166242802,0.0002325160823623,1,1.0,1,166242802,"February 15th, 2014",2,1.0
202140315,2.5835120262484825e-05,1,1.0,1,202140315,"November 9th, 2014",2,1.0
257491997,0.0001937634019686,1,1.0,1,257491997,"September 12th, 2015",1,1.0
204703234,0.003733174877929,1,1.0,1,204703234,"November 25th, 2014",2,1.0
174896111,0.1163742992223628,1,1.0,3,174896111,"May 1st, 2014",2,1.0
279603258,0.0011884155320743,1,1.0,1,279603258,"July 19th, 2015",1,1.0
146326949,0.0041207016818663,1,1.0,1,146326949,"September 9th, 2013",3,1.0
143137329,0.3314516754075491,1,1.0,1,143137329,"August 18th, 2013",3,1.0
259829971,0.0005425375255121,1,1.0,1,259829971,"September 26th, 2015",1,1.0
188226310,0.0002066809620998,1,1.0,1,188226310,"August 5th, 2014",2,1.0
278609462,0.0001679282817061,1,1.0,1,278609462,"July 13th, 2015",1,1.0
254331853,0.0003358565634123,1,1.0,1,254331853,"August 25th, 2015",1,1.0
284863484,0.0002325160823623,1,1.0,1,284863484,"August 16th, 2015",1,1.0
293881991,0.0017051179373239,1,1.0,1,293881991,"October 7th, 2015",1,1.0
233865573,0.0001033404810499,1,1.0,1,233865573,"April 28th, 2015",1,1.0
221257958,0.0029581212700545,1,1.0,1,221257958,"February 25th, 2015",1,1.0
270169680,7.750536078745447e-05,1,1.0,1,270169680,"May 25th, 2015",1,1.0
98463542,0.0548737954375177,1,1.0,5,98463542,"February 13th, 2012",4,1.0
180048039,0.0604412638540832,1,1.0,1,180048039,"June 13th, 2014",2,1.0
204541576,0.0241041672048983,1,1.0,8,204541576,"November 24th, 2014",2,1.0
204813749,0.0004521146045934,1,1.0,1,204813749,"November 25th, 2014",2,1.0
199535718,0.1155992456144883,1,1.0,1,199535718,"October 21st, 2014",2,1.0
150396347,0.0004650321647247,1,1.0,1,150396347,"October 12th, 2013",3,1.0
32749624,0.6377657787997004,1,1.0,5,32749624,"September 30th, 2007",9,1.0
180622295,0.0042498772831787,1,1.0,1,180622295,"June 17th, 2014",2,1.0
148576413,0.0188467202314826,1,1.0,1,148576413,"September 28th, 2013",3,1.0
202017729,0.0001291756013124,1,1.0,1,202017729,"November 7th, 2014",2,1.0
234770287,0.0061875113028651,1,1.0,1,234770287,"May 5th, 2015",1,1.0
236911498,0.0042498772831787,1,1.0,1,236911498,"May 18th, 2015",1,1.0
236245395,0.1490557263544062,1,1.0,1,236245395,"May 15th, 2015",1,1.0
65394447,0.0004262794843309,1,1.0,1,65394447,"May 20th, 2010",6,1.0
225376053,0.0020668096209987,1,1.0,1,225376053,"March 16th, 2015",1,1.0
228512803,0.0001033404810499,1,1.0,1,228512803,"March 30th, 2015",1,1.0
171911285,0.0041207016818663,1,1.0,1,171911285,"April 5th, 2014",2,1.0
211357825,1.2917560131242414e-05,1,1.0,1,211357825,"January 1st, 2015",1,1.0
123546767,0.0002971038830185,1,1.0,1,123546767,"February 13th, 2013",3,1.0
247219864,0.0078667941199266,1,1.0,1,247219864,"January 23rd, 2015",1,1.0
138259286,0.1004727827008034,1,1.0,2,138259286,"July 18th, 2013",3,1.0
162654590,0.0016922003771927,1,1.0,1,162654590,"January 14th, 2014",2,1.0
48080423,0.0097140052186942,1,1.0,11,48080423,"March 28th, 2009",7,1.0
275151488,0.000322939003281,1,1.0,2,275151488,"June 23rd, 2015",1,1.0
233595859,0.0067042137081148,1,1.0,1,233595859,"April 27th, 2015",1,1.0
252200924,5.167024052496966e-05,1,1.0,1,252200924,"February 19th, 2015",1,1.0
186814006,0.0698710827498902,1,1.0,1,186814006,"July 28th, 2014",2,1.0
292158722,0.0006200428862996,1,1.0,1,292158722,"September 27th, 2015",1,1.0
242866563,6.458780065621206e-05,1,1.0,1,242866563,"June 22nd, 2015",1,1.0
172195770,0.0006846306869558,1,1.0,1,172195770,"April 8th, 2014",2,1.0
195840346,0.0160048570026093,1,1.0,1,195840346,"September 26th, 2014",2,1.0
241524841,0.0034748236753042,1,1.0,1,241524841,"June 15th, 2015",1,1.0
138460230,0.0640581806908311,1,1.0,1,138460230,"July 19th, 2013",3,1.0
242836440,0.0021830676621799,1,1.0,1,242836440,"December 29th, 2014",2,1.0
178117765,0.0001808458418373,1,1.0,1,178117765,"May 29th, 2014",2,1.0
120143206,0.0072209161133645,1,1.0,1,120143206,"January 3rd, 2013",3,1.0
229312905,0.0887307205415041,1,1.0,1,229312905,"April 3rd, 2015",1,1.0
249480143,0.0003100214431498,1,1.0,1,249480143,"July 30th, 2015",1,1.0
199693744,1.2917560131242414e-05,1,1.0,1,199693744,"October 22nd, 2014",2,1.0
132800758,0.0197509494406696,1,1.0,1,132800758,"May 31st, 2013",3,1.0
166811621,0.0004650321647247,1,1.0,1,166811621,"February 18th, 2014",2,1.0
196437409,0.0060583357015526,1,1.0,1,196437409,"September 30th, 2014",2,1.0
165842250,0.000800888728137,1,1.0,1,165842250,"February 10th, 2014",2,1.0
175612514,0.0003875268039372,1,1.0,1,175612514,"May 7th, 2014",2,1.0
136341868,5.167024052496966e-05,1,1.0,1,136341868,"July 5th, 2013",3,1.0
237036035,0.0268556075128529,1,1.0,1,237036035,"May 19th, 2015",1,1.0
149081421,0.0001162580411811,1,1.0,1,149081421,"October 2nd, 2013",3,1.0
145078067,0.0018988813392926,1,1.0,1,145078067,"August 31st, 2013",3,1.0
196086652,0.0001937634019686,1,1.0,1,196086652,"September 28th, 2014",2,1.0
203746661,0.2871444441573876,1,1.0,1,203746661,"November 19th, 2014",2,1.0
189429276,0.0007104658072183,1,1.0,1,189429276,"August 12th, 2014",2,1.0
218215123,0.0001808458418373,1,1.0,1,218215123,"February 8th, 2015",1,1.0
198741200,5.167024052496966e-05,1,1.0,1,198741200,"September 6th, 2014",2,1.0
294250383,0.0001808458418373,1,1.0,1,294250383,"October 10th, 2015",1,1.0
219780322,0.0010592399307618,1,1.0,1,219780322,"February 17th, 2015",1,1.0
236054259,9.04229209186969e-05,1,1.0,1,236054259,"May 13th, 2015",1,1.0
198071235,0.0001420931614436,1,1.0,1,198071235,"October 12th, 2014",2,1.0
149832495,0.0012142506523367,1,1.0,1,149832495,"October 7th, 2013",3,1.0
136520135,0.0009042292091869,1,1.0,1,136520135,"July 6th, 2013",3,1.0
177519904,0.0023251608236236,1,1.0,3,177519904,"May 24th, 2014",2,1.0
260729536,5.167024052496966e-05,1,1.0,1,260729536,"March 31st, 2015",1,1.0
219554846,0.002028056940605,1,1.0,1,219554846,"February 15th, 2015",1,1.0
138655214,0.0002066809620998,1,1.0,1,138655214,"July 20th, 2013",3,1.0
240400609,0.0009688170098431,1,1.0,1,240400609,"June 9th, 2015",1,1.0
242300881,2.5835120262484825e-05,1,1.0,1,242300881,"June 19th, 2015",1,1.0
292196792,0.0006846306869558,1,1.0,1,292196792,"September 27th, 2015",1,1.0
268935456,2.5835120262484825e-05,1,1.0,1,268935456,"May 18th, 2015",1,1.0
282923824,0.0006071253261683,1,1.0,2,282923824,"August 6th, 2015",1,1.0
285545510,3.875268039372725e-05,1,1.0,1,285545510,"August 21st, 2015",1,1.0
155471453,0.0001808458418373,1,1.0,1,155471453,"November 24th, 2013",3,1.0
230213922,0.0001291756013124,1,1.0,1,230213922,"April 7th, 2015",1,1.0
138080934,0.0002841863228873,1,1.0,1,138080934,"July 17th, 2013",3,1.0
203422894,0.0489446353372775,1,1.0,1,203422894,"November 17th, 2014",2,1.0
281579960,5.167024052496966e-05,1,1.0,1,281579960,"July 30th, 2015",1,1.0
144144570,0.0472653525202159,1,1.0,1,144144570,"August 25th, 2013",3,1.0
205636324,0.0199188777223758,1,1.0,2,205636324,"December 1st, 2014",2,1.0
135329995,1.2917560131242414e-05,1,1.0,1,135329995,"June 25th, 2013",3,1.0
111795034,0.0768207301004986,1,1.0,3,111795034,"September 21st, 2012",4,1.0
150720815,0.0538533081871496,1,1.0,1,150720815,"October 15th, 2013",3,1.0
210725110,0.0001420931614436,1,1.0,1,210725110,"December 29th, 2014",2,1.0
175430751,2.5835120262484825e-05,1,1.0,1,175430751,"May 5th, 2014",2,1.0
234758647,9.04229209186969e-05,1,1.0,1,234758647,"May 4th, 2015",1,1.0
190754099,0.3770506626708348,1,1.0,2,190754099,"August 21st, 2014",2,1.0
225851590,0.0406773968532823,1,1.0,1,225851590,"March 18th, 2015",1,1.0
292976473,0.0001291756013124,1,1.0,1,292976473,"October 2nd, 2015",1,1.0
145670348,0.0162632082052342,1,1.0,1,145670348,"September 5th, 2013",3,1.0
293378273,0.0001808458418373,1,1.0,1,293378273,"October 4th, 2015",1,1.0
120698121,1.2917560131242414e-05,1,1.0,1,120698121,"January 8th, 2013",3,1.0
290334662,0.0007621360477433,1,1.0,1,290334662,"September 15th, 2015",1,1.0
228320359,7.750536078745447e-05,1,1.0,1,228320359,"March 29th, 2015",1,1.0
176890431,6.458780065621206e-05,1,1.0,1,176890431,"May 18th, 2014",2,1.0
175849081,9.04229209186969e-05,1,1.0,1,175849081,"May 9th, 2014",2,1.0
212041058,0.0022347379027049,1,1.0,1,212041058,"January 4th, 2015",1,1.0
286761300,7.750536078745447e-05,1,1.0,1,286761300,"August 27th, 2015",1,1.0
239779234,0.0001033404810499,1,1.0,1,239779234,"June 6th, 2015",1,1.0
299905842,0.0036039992766166,1,1.0,1,299905842,"November 13th, 2015",1,1.0
199047397,0.0001937634019686,1,1.0,1,199047397,"October 18th, 2014",2,1.0
160139917,0.0001679282817061,1,1.0,1,160139917,"December 27th, 2013",3,1.0
148761419,0.0309892267548505,1,1.0,2,148761419,"September 29th, 2013",3,1.0
215917975,7.750536078745447e-05,1,1.0,1,215917975,"January 27th, 2015",1,1.0
199121928,0.0004262794843309,1,1.0,1,199121928,"October 18th, 2014",2,1.0
185078775,9.04229209186969e-05,1,1.0,1,185078775,"July 17th, 2014",2,1.0
95542056,0.0024801715451985,1,1.0,1,95542056,"December 28th, 2011",5,1.0
160844169,0.0353811971994729,1,1.0,1,160844169,"December 31st, 2013",3,1.0
162024985,0.0003358565634123,1,1.0,1,162024985,"January 9th, 2014",2,1.0
240820377,2.5835120262484825e-05,1,1.0,1,240820377,"June 12th, 2015",1,1.0
294888042,0.0005812902059059,1,1.0,1,294888042,"October 13th, 2015",1,1.0
135545063,0.0050249308910532,1,1.0,1,135545063,"June 27th, 2013",3,1.0
143177422,0.0002841863228873,1,1.0,1,143177422,"August 18th, 2013",3,1.0
289075484,0.0002195985222311,1,1.0,1,289075484,"September 8th, 2015",1,1.0
239306186,0.000374609243806,1,1.0,1,239306186,"June 3rd, 2015",1,1.0
108727716,0.0004262794843309,1,1.0,1,108727716,"August 9th, 2012",4,1.0
156669447,0.0019893042602113,1,1.0,1,156669447,"December 3rd, 2013",3,1.0
207647609,0.0006329604464308,1,1.0,3,207647609,"December 14th, 2014",2,1.0
154137401,0.0001550107215749,1,1.0,1,154137401,"November 12th, 2013",3,1.0
83572990,0.0017826232981114,1,1.0,3,83572990,"June 24th, 2011",5,1.0
298173249,5.167024052496966e-05,1,1.0,1,298173249,"November 2nd, 2015",1,1.0
239296422,0.0001162580411811,1,1.0,1,239296422,"June 2nd, 2015",1,1.0
142971534,0.0066267083473273,1,0.9796686570659172,4,142971534,"August 17th, 2013",3,1.0
181523551,9.04229209186969e-05,1,1.0,1,181523551,"June 23rd, 2014",2,1.0
163027169,0.0004391970444622,1,1.0,1,163027169,"January 18th, 2014",2,1.0
302642693,0.0010075696902369,1,1.0,1,302642693,"November 28th, 2015",1,1.0
204793925,0.0036039992766166,1,1.0,1,204793925,"November 26th, 2014",2,1.0
216317211,0.0001808458418373,1,1.0,1,216317211,"January 30th, 2015",1,1.0
287812798,0.0043790528844911,1,1.0,1,287812798,"September 1st, 2015",1,1.0
162319690,0.3146717647970651,1,1.0,2,162319690,"January 12th, 2014",2,1.0
254331891,0.0036039992766166,1,1.0,1,254331891,"August 25th, 2015",1,1.0
171541210,0.000749218487612,1,1.0,1,171541210,"April 3rd, 2014",2,1.0
295832595,0.011354535355362,1,1.0,1,295832595,"October 19th, 2015",1,1.0
305697665,0.0038623504792414,1,1.0,1,305697665,"December 8th, 2015",1,1.0
212875606,0.000322939003281,1,1.0,1,212875606,"January 10th, 2015",1,1.0
84610577,0.0017051179373239,1,1.0,1,84610577,"July 7th, 2011",5,1.0
138129129,0.172436510191955,1,1.0,1,138129129,"July 17th, 2013",3,1.0
144202828,0.0004004443640685,1,1.0,1,144202828,"August 25th, 2013",3,1.0
240508393,0.007995969721239,1,1.0,1,240508393,"June 10th, 2015",1,1.0
169258848,0.0971271346268117,1,1.0,1,169258848,"March 14th, 2014",2,1.0
146449077,0.1592605988580877,1,1.0,1,146449077,"September 10th, 2013",3,1.0
163801892,0.0132921693750484,1,1.0,1,163801892,"January 25th, 2014",2,1.0
235037893,0.0187562973105639,1,1.0,2,235037893,"May 6th, 2015",1,1.0
157138238,0.0042498772831787,1,1.0,1,157138238,"December 8th, 2013",3,1.0
255706163,0.0050249308910532,1,1.0,1,255706163,"September 1st, 2015",1,1.0
134615317,0.0114837109566745,1,1.0,1,134615317,"June 18th, 2013",3,1.0
204748975,0.0002195985222311,1,1.0,1,204748975,"November 25th, 2014",2,1.0
158899877,0.0010463223706306,1,1.0,1,158899877,"December 23rd, 2013",3,1.0
171280641,0.000271268762756,1,1.0,1,171280641,"March 30th, 2014",2,1.0
164259079,2.5835120262484825e-05,1,1.0,1,164259079,"January 28th, 2014",2,1.0
169308850,0.0001679282817061,1,1.0,1,169308850,"March 15th, 2014",2,1.0
155069128,0.3888056423902654,1,1.0,1,155069128,"November 20th, 2013",3,1.0
207022512,0.0016276125765365,1,1.0,1,207022512,"December 10th, 2014",2,1.0
233269570,9.04229209186969e-05,1,1.0,1,233269570,"April 25th, 2015",1,1.0
44021324,0.020732684010644,1,1.0,9,44021324,"December 23rd, 2008",8,0.0
185685666,0.0001808458418373,1,0.9545454545454546,3,185685666,"July 20th, 2014",2,1.0
242782489,0.0010721574908931,1,1.0,2,242782489,"June 22nd, 2015",1,1.0
226597231,0.0011625804118118,1,1.0,6,226597231,"March 21st, 2015",1,1.0
202092286,0.0009688170098431,1,1.0,1,202092286,"November 9th, 2014",2,0.0
248444377,0.0359495698452476,1,1.0,7,248444377,"July 24th, 2015",1,0.0
303326013,0.0037590099981915,1,1.0,2,303326013,"November 29th, 2015",1,0.0
304222866,0.0001937634019686,1,1.0,1,304222866,"December 5th, 2015",1,0.0
260320188,0.0198542899217195,1,1.0,13,260320188,"March 28th, 2015",1,1.0
163237086,0.0083834965251763,1,0.7673637042569081,2,163237086,"January 20th, 2014",2,0.0
223324734,0.0203709923269692,1,1.0,11,223324734,"March 6th, 2015",1,1.0
205029231,0.0233291135970237,1,1.0,2,205029231,"November 27th, 2014",2,0.0
300620379,0.0033844007543855,1,1.0,3,300620379,"November 16th, 2015",1,0.0
197363488,0.0021959852223112,1,1.0,2,197363488,"October 6th, 2014",2,0.0
113308351,0.0018084584183739,1,1.0,1,113308351,"October 16th, 2012",4,0.0
214366018,0.0139380473816105,1,1.0,1,214366018,"January 19th, 2015",1,0.0
77870593,0.1306352856072545,1,1.0,14,77870593,"February 13th, 2011",5,0.0
43804972,0.0334435631797866,1,1.0,1,43804972,"December 17th, 2008",8,0.0
108755905,0.0015630247758803,1,1.0,1,108755905,"August 10th, 2012",4,0.0
75034989,0.2274653163510476,1,1.0,1,75034989,"December 21st, 2010",6,0.0
160264413,0.036931304415222,1,1.0,1,160264413,"December 27th, 2013",3,0.0
158211774,0.0154881545973596,1,1.0,1,158211774,"December 17th, 2013",3,0.0
73012771,0.0134213449763608,1,1.0,1,73012771,"November 10th, 2010",6,0.0
99992274,0.000800888728137,1,1.0,1,99992274,"March 12th, 2012",4,0.0
251164636,0.0807993386209213,1,1.0,6,251164636,"February 13th, 2015",1,1.0
151481334,0.0072209161133645,1,1.0,1,151481334,"October 21st, 2013",3,0.0
77378306,0.0110703490324747,1,1.0,2,77378306,"February 1st, 2011",5,0.0
103984034,0.0149714521921099,1,1.0,2,103984034,"May 26th, 2012",4,0.0
28031199,0.0685018213759785,1,0.5311167945439045,5,28031199,"February 20th, 2007",9,1.0
187692242,0.0066008732270648,1,1.0,3,187692242,"August 2nd, 2014",2,0.0
84395245,0.0036039992766166,1,1.0,1,84395245,"July 4th, 2011",5,0.0
105590063,0.0019505515798176,1,1.0,1,105590063,"June 24th, 2012",4,0.0
142650116,0.0100498617821065,1,1.0,10,142650116,"August 14th, 2013",3,0.0
88296152,0.0013434262536492,1,0.3333333333333333,5,88296152,"September 11th, 2011",5,1.0
208649703,0.0161340326039217,1,1.0,1,208649703,"December 20th, 2014",2,1.0
298389371,0.0306792053117007,1,1.0,2,298389371,"November 4th, 2015",1,1.0
300601393,0.0032681427132043,1,0.881578947368421,2,300601393,"November 16th, 2015",1,1.0
257377008,0.0042498772831787,1,1.0,4,257377008,"March 15th, 2015",1,1.0
95898619,0.0868835094427364,1,0.5810921902524956,7,95898619,"January 1st, 2012",4,1.0
237275985,0.0059291601002402,1,1.0,1,237275985,"May 21st, 2015",1,1.0
201697182,0.0098044281396129,1,1.0,1,201697182,"November 5th, 2014",2,1.0
201445671,0.0006587955666933,1,1.0,1,201445671,"November 4th, 2014",2,1.0
218354629,0.014015552742398,1,1.0,6,218354629,"February 9th, 2015",1,1.0
290367158,0.0002325160823623,1,1.0,2,290367158,"September 16th, 2015",1,1.0
292731142,0.002828945668742,1,1.0,1,292731142,"September 30th, 2015",1,1.0
226923581,0.0722866664944325,1,1.0,3,226923581,"March 23rd, 2015",1,1.0
87821312,0.1501924716459555,1,1.0,2,87821312,"September 4th, 2011",5,1.0
135879753,0.6213217247526289,1,1.0,18,135879753,"July 1st, 2013",3,1.0
87879009,0.0705686309969773,1,1.0,4,87879009,"September 5th, 2011",5,1.0
293269191,0.0096623349781693,1,1.0,3,293269191,"October 3rd, 2015",1,1.0
182220992,0.0485700260934714,1,0.9574773053033924,9,182220992,"June 28th, 2014",2,1.0
216921535,0.0153718965561784,1,1.0,2,216921535,"February 2nd, 2015",1,1.0
293360401,0.0142480688247603,1,1.0,2,293360401,"October 4th, 2015",1,1.0
58977564,0.0640065104503061,1,1.0,4,58977564,"January 2nd, 2010",6,1.0
184899103,0.0510114449582762,1,1.0,1,184899103,"July 16th, 2014",2,1.0
285282740,0.0019505515798176,1,1.0,1,285282740,"August 19th, 2015",1,1.0
161248480,0.0187175446301702,1,0.8646907216494846,3,161248480,"January 3rd, 2014",2,1.0
130021142,0.0018213759785051,1,1.0,2,130021142,"May 1st, 2013",3,0.0
204749083,0.0116128865579869,1,1.0,1,204749083,"November 25th, 2014",2,1.0
235359505,0.0466194745136538,1,1.0,1,235359505,"May 8th, 2015",1,1.0
245064847,0.0014855194150928,1,1.0,1,245064847,"July 4th, 2015",1,1.0
205014771,0.0447980985351486,1,1.0,11,205014771,"November 28th, 2014",2,1.0
114132445,0.0001033404810499,1,1.0,1,114132445,"October 27th, 2012",4,1.0
301805182,0.0072209161133645,1,1.0,1,301805182,"November 24th, 2015",1,1.0
252694471,0.0018342935386364,1,1.0,1,252694471,"August 16th, 2015",1,1.0
303061131,0.0085126721264887,1,1.0,1,303061131,"November 29th, 2015",1,1.0
241645675,0.0005167024052496,1,1.0,2,241645675,"June 15th, 2015",1,1.0
302533082,0.0002195985222311,1,1.0,1,302533082,"November 27th, 2015",1,1.0
167752146,0.0466711447541788,1,1.0,2,167752146,"February 28th, 2014",2,1.0
266836892,0.1051618570284445,1,1.0,2,266836892,"May 4th, 2015",1,1.0
308452993,0.0008913116490557,1,1.0,1,308452993,"December 17th, 2015",1,1.0
296254406,0.0080863926421577,1,1.0,2,296254406,"October 22nd, 2015",1,1.0
212302055,0.0041207016818663,1,1.0,1,212302055,"January 6th, 2015",1,1.0
254715417,0.0161340326039217,1,1.0,1,254715417,"August 27th, 2015",1,1.0
263856756,0.0644457074947684,1,1.0,1,263856756,"April 17th, 2015",1,1.0
58029555,0.0237812282016172,1,1.0,5,58029555,"December 20th, 2009",7,1.0
174204642,0.069225204743328,1,0.75,3,174204642,"April 25th, 2014",2,1.0
161220142,0.0026997700674296,1,1.0,1,161220142,"January 2nd, 2014",2,1.0
164271888,0.1635233937013977,1,1.0,1,164271888,"January 29th, 2014",2,1.0
242549338,0.0138217893404293,1,1.0,4,242549338,"June 21st, 2015",1,0.0
65421540,0.0444493244116051,1,1.0,5,65421540,"May 20th, 2010",6,1.0
239299518,0.0005942077660371,1,1.0,2,239299518,"June 2nd, 2015",1,1.0
37708732,0.0549513007983052,1,1.0,5,37708732,"April 13th, 2008",8,1.0
55446861,0.002828945668742,1,1.0,1,55446861,"November 11th, 2009",7,1.0
25941262,0.0115870514377244,1,1.0,2,25941262,"November 17th, 2006",10,1.0
20321898,0.0001162580411811,1,1.0,1,20321898,"January 24th, 2006",10,1.0
36553207,0.1234789572945462,1,1.0,1,36553207,"February 24th, 2008",8,1.0
29835809,0.0009300643294494,1,1.0,1,29835809,"May 27th, 2007",9,1.0
67923337,0.007995969721239,1,1.0,1,67923337,"July 26th, 2010",6,1.0
58117481,0.0358978996047226,1,1.0,1,58117481,"December 22nd, 2009",7,1.0
36154073,0.0017309530575864,1,1.0,2,36154073,"February 8th, 2008",8,1.0
41883229,0.0142222337044978,1,1.0,4,41883229,"October 29th, 2008",8,1.0
29383643,1.2917560131242414e-05,1,1.0,1,29383643,"May 2nd, 2007",9,1.0
37179655,0.0308600511535381,1,1.0,1,37179655,"March 22nd, 2008",8,1.0
11973378,9.04229209186969e-05,1,1.0,1,11973378,"December 24th, 2004",12,1.0
28696163,0.0373188312191593,1,1.0,1,28696163,"March 26th, 2007",9,1.0
195800610,0.0004779497248559,1,1.0,1,195800610,"September 26th, 2014",2,1.0
20643309,0.0067042137081148,1,1.0,1,20643309,"February 11th, 2006",10,1.0
14098833,0.0025705944661172,1,1.0,2,14098833,"February 21st, 2005",11,1.0
18319108,0.0,1,1.0,1,18319108,"October 11th, 2005",11,1.0
32488724,0.007091740512052,1,1.0,1,32488724,"September 19th, 2007",9,1.0
26090223,0.0004133619241997,1,1.0,1,26090223,"November 27th, 2006",10,1.0
104709012,0.0015759423360115,1,1.0,1,104709012,"June 7th, 2012",4,1.0
28633466,7.750536078745447e-05,1,1.0,1,28633466,"March 19th, 2007",9,1.0
26101823,1.2917560131242414e-05,1,1.0,1,26101823,"November 28th, 2006",10,1.0
68372559,0.0030872968713669,1,1.0,1,68372559,"August 7th, 2010",6,1.0
89867101,0.0816260624693208,1,1.0,1,89867101,"October 7th, 2011",5,1.0
308653033,6.458780065621206e-05,1,1.0,1,308653033,"December 18th, 2015",1,1.0
253773352,2.5835120262484825e-05,1,1.0,1,253773352,"February 27th, 2015",1,1.0
268158408,0.0007233833673495,1,1.0,1,268158408,"May 13th, 2015",1,1.0
197172884,3.875268039372725e-05,1,1.0,1,197172884,"October 5th, 2014",2,1.0
215492239,0.0007879711680057,1,1.0,1,215492239,"January 25th, 2015",1,1.0
239478937,6.458780065621206e-05,1,1.0,1,239478937,"June 4th, 2015",1,1.0
193987636,0.0013692613739116,1,1.0,6,193987636,"September 12th, 2014",2,1.0
288854118,7.750536078745447e-05,1,1.0,1,288854118,"September 7th, 2015",1,1.0
216115170,5.167024052496966e-05,1,1.0,1,216115170,"January 28th, 2015",1,1.0
189623540,0.0011367452915493,1,1.0,2,189623540,"August 14th, 2014",2,1.0
198417932,0.0001808458418373,1,1.0,1,198417932,"October 14th, 2014",2,1.0
229791471,0.0036427519570103,1,1.0,2,229791471,"April 5th, 2015",1,0.0
190788774,0.0001162580411811,1,1.0,1,190788774,"August 21st, 2014",2,1.0
205827348,0.0004779497248559,1,1.0,1,205827348,"December 1st, 2014",2,1.0
91881892,0.0479887358875655,1,1.0,3,91881892,"November 9th, 2011",5,1.0
199899325,0.0066008732270648,1,1.0,2,199899325,"October 24th, 2014",2,1.0
201081230,0.0022089027824424,1,1.0,1,201081230,"November 1st, 2014",2,1.0
229179750,0.0012530033327305,1,1.0,1,229179750,"April 3rd, 2015",1,1.0
194097479,0.000697548247087,1,1.0,1,194097479,"September 13th, 2014",2,1.0
201816765,0.0185366987883328,1,1.0,7,201816765,"November 6th, 2014",2,1.0
129825010,2.5835120262484825e-05,1,1.0,1,129825010,"April 29th, 2013",3,1.0
259934396,0.00197638670008,1,1.0,1,259934396,"March 26th, 2015",1,1.0
132875638,0.000800888728137,1,1.0,1,132875638,"May 31st, 2013",3,1.0
284064476,2.5835120262484825e-05,1,1.0,1,284064476,"August 12th, 2015",1,1.0
224197206,0.0009300643294494,1,1.0,1,224197206,"March 10th, 2015",1,1.0
253209919,0.0009946521301056,1,1.0,1,253209919,"August 19th, 2015",1,1.0
286637360,0.0003616916836747,1,1.0,1,286637360,"August 26th, 2015",1,1.0
257422299,0.0004779497248559,1,0.7814625850340136,4,257422299,"September 11th, 2015",1,1.0
219080305,0.0003100214431498,1,1.0,1,219080305,"February 13th, 2015",1,1.0
197279094,0.0029581212700545,1,1.0,3,197279094,"October 6th, 2014",2,1.0
253424499,0.0004004443640685,1,1.0,1,253424499,"August 20th, 2015",1,1.0
220887518,0.0069884000310021,1,1.0,2,220887518,"February 23rd, 2015",1,1.0
210419195,0.0001033404810499,1,1.0,1,210419195,"December 27th, 2014",2,1.0
188321266,0.0222052858656057,1,1.0,1,188321266,"August 5th, 2014",2,1.0
187462362,0.000271268762756,1,1.0,1,187462362,"July 30th, 2014",2,1.0
14165501,0.0011884155320743,1,1.0,2,14165501,"February 24th, 2005",11,1.0
1364546,0.0715374480068204,1,1.0,2,1364546,"September 30th, 2003",13,1.0
251706843,0.0202805694060505,1,1.0,6,251706843,"August 11th, 2015",1,0.0
166753156,0.1640530136667786,1,1.0,14,166753156,"February 18th, 2014",2,1.0
93812486,0.0819490014726018,1,1.0,3,93812486,"December 7th, 2011",5,1.0
30695285,0.0046632392073785,1,1.0,2,30695285,"July 5th, 2007",9,1.0
46759859,0.104981011186607,1,0.8350951374207188,4,46759859,"February 28th, 2009",7,1.0
156407138,0.0157594233601157,1,1.0,3,156407138,"December 1st, 2013",3,1.0
76319436,0.0009429818895806,1,0.8350951374207188,2,76319436,"January 8th, 2011",5,1.0
30527047,0.0565530782545792,1,1.0,2,30527047,"June 28th, 2007",9,1.0
31887973,0.0001550107215749,1,1.0,3,31887973,"August 27th, 2007",9,1.0
30115594,0.0457281628645981,1,1.0,3,30115594,"June 5th, 2007",9,1.0
53181165,0.000322939003281,1,1.0,3,53181165,"September 6th, 2009",7,1.0
43186470,0.0036556695171416,1,1.0,4,43186470,"November 29th, 2008",8,1.0
38763767,9.04229209186969e-05,1,1.0,1,38763767,"June 4th, 2008",8,1.0
9544834,0.013111323533211,1,1.0,3,9544834,"October 24th, 2004",12,1.0
81569401,0.1150825432092386,1,1.0,1,81569401,"May 14th, 2011",5,1.0
23663429,0.0001550107215749,1,1.0,1,23663429,"July 27th, 2006",10,1.0
23718710,0.000374609243806,1,1.0,1,23718710,"July 28th, 2006",10,1.0
47519224,0.0001033404810499,1,1.0,1,47519224,"March 13th, 2009",7,1.0
4485779,0.2191980778670525,1,1.0,1,4485779,"February 29th, 2004",12,1.0
18869916,0.000271268762756,1,1.0,1,18869916,"November 10th, 2005",11,1.0
5232588,0.0009171467693182,1,1.0,3,5232588,"April 3rd, 2004",12,1.0
95761491,0.001123827731418,1,1.0,1,95761491,"December 30th, 2011",5,1.0
4325465,6.458780065621206e-05,1,1.0,1,4325465,"February 20th, 2004",12,1.0
15951451,0.0002325160823623,1,1.0,1,15951451,"May 31st, 2005",11,1.0
60424237,0.0006458780065621,1,1.0,1,60424237,"February 3rd, 2010",6,1.0
4986667,0.0092877257343632,1,1.0,1,4986667,"March 24th, 2004",12,1.0
24972502,0.0009817345699744,1,1.0,1,24972502,"September 29th, 2006",10,1.0
34658438,0.0007104658072183,1,1.0,3,34658438,"December 14th, 2007",9,1.0
14758912,0.0109670085514248,1,1.0,1,14758912,"March 21st, 2005",11,1.0
33261284,0.2452915493321621,1,1.0,1,33261284,"October 19th, 2007",9,1.0
32939936,1.2917560131242414e-05,1,1.0,1,32939936,"October 8th, 2007",9,1.0
178717672,0.0023380783837548,1,1.0,2,178717672,"June 2nd, 2014",2,1.0
108877388,0.0087064355284573,1,1.0,4,108877388,"August 11th, 2012",4,1.0
285926554,0.0023639135040173,1,1.0,1,285926554,"August 22nd, 2015",1,1.0
237047627,7.750536078745447e-05,1,1.0,1,237047627,"May 19th, 2015",1,1.0
291151096,0.0052832820936781,1,1.0,1,291151096,"September 21st, 2015",1,1.0
295021107,6.458780065621206e-05,1,1.0,1,295021107,"October 14th, 2015",1,1.0
236775073,0.0001937634019686,1,1.0,2,236775073,"May 17th, 2015",1,1.0
216040174,0.0015630247758803,1,1.0,2,216040174,"January 28th, 2015",1,1.0
278567826,0.00207972718113,1,1.0,1,278567826,"July 12th, 2015",1,1.0
242471645,0.0007879711680057,1,1.0,1,242471645,"June 20th, 2015",1,1.0
226357303,0.0001162580411811,1,1.0,1,226357303,"March 20th, 2015",1,1.0
238378861,0.0010463223706306,1,1.0,2,238378861,"May 28th, 2015",1,1.0
299670894,0.0004908672849872,1,1.0,1,299670894,"November 11th, 2015",1,0.0
242815838,0.0094169013356757,1,1.0,1,242815838,"June 21st, 2015",1,0.0
196237754,9.04229209186969e-05,1,0.0,1,196237754,"September 28th, 2014",2,0.0
303032390,0.0141963985842354,1,0.0,1,303032390,"November 29th, 2015",1,0.0
229334262,0.0003487741235435,1,1.0,1,229334262,"April 3rd, 2015",1,1.0
125699277,0.0073500917146769,1,1.0,1,125699277,"March 10th, 2013",3,1.0
109458201,0.0500426279484331,1,1.0,3,109458201,"August 20th, 2012",4,1.0
198314976,0.0,1,0.0,1,198314976,"October 13th, 2014",2,1.0
252507011,0.0001033404810499,1,1.0,1,252507011,"August 16th, 2015",1,1.0
301432974,0.0055416332963029,1,1.0,1,301432974,"November 21st, 2015",1,1.0
